First Name,Last Name,email,password,role
Haley,Corwin,Haley.Corwin@yahoo.com,uNKjC05ggt7OpgE,BUSINESS_OWNER
Mafalda,Witting,Mafalda_Witting72@gmail.com,_aKAdSQPop3PV9_,BUSINESS_OWNER
Andre,Kilback,Andre_Kilback19@gmail.com,EVrtz7YVla0TSmA,AVAILABLE_RESOURCE
Daryl,Hilpert,Daryl80@gmail.com,i6WEtvmTHWfWlWH,AVAILABLE_RESOURCE
Kirstin,Ferry,Kirstin.Ferry65@hotmail.com,A9iWRsDRLr4wKsH,AVAILABLE_RESOURCE
Baylee,Kuhlman,Baylee73@yahoo.com,sOpBUKxVs9NUVJH,AVAILABLE_RESOURCE
Kayli,Robel,Kayli45@gmail.com,rHdr4N7vI_t9zBq,AVAILABLE_RESOURCE
Kyleigh,Robel,Kyleigh.Robel@gmail.com,llaqHXLtoUk3IMe,AVAILABLE_RESOURCE
Carley,Mayert,Carley_Mayert87@hotmail.com,Xvj9K1HGKDdcrcE,AVAILABLE_RESOURCE
April,O'Hara,April_OHara57@hotmail.com,GFpbcm81BqNr3qH,AVAILABLE_RESOURCE
Judge,Ruecker,Judge.Ruecker@yahoo.com,oPTLb9a6RzL_d4V,AVAILABLE_RESOURCE
Paolo,Keebler,Paolo.Keebler@yahoo.com,GEFjpJv_IQYl7yP,AVAILABLE_RESOURCE
Candido,Corwin,Candido_Corwin59@yahoo.com,3Kv0o_QFXbfa5Fc,ASSIGNED_RESOURCE
Eric,Hauck,Eric_Hauck90@hotmail.com,RQVG2pY1gEjJvwJ,ASSIGNED_RESOURCE
Krystina,Runte,Krystina_Runte24@gmail.com,7ARJOPQAaxPrSEN,ASSIGNED_RESOURCE
Ebony,Wisoky,Ebony62@hotmail.com,N1nGOj92tuPeV_t,ASSIGNED_RESOURCE
Kaylah,Stoltenberg,Kaylah85@gmail.com,Ys2ASnFioNUwOlR,ASSIGNED_RESOURCE
Madison,Crist,Madison18@hotmail.com,Eu6J10_kxYM9JJ9,ASSIGNED_RESOURCE
Arjun,Larkin,Arjun73@gmail.com,iTTIY5Qsr3Aj4hk,ASSIGNED_RESOURCE
Isidro,Powlowski,Isidro_Powlowski88@gmail.com,7aSxvpbteZDz38d,ASSIGNED_RESOURCE
Eliane,Dare,Eliane47@gmail.com,Yi2shkagFZExATq,ASSIGNED_RESOURCE
Madelynn,Bechtelar,Madelynn35@yahoo.com,SfPIvgGAXNJOy2y,ASSIGNED_RESOURCE
